-- Insert departments
INSERT INTO departments (id, name, description, created_at) VALUES
(1, 'Computer Science', 'Computer Science and Software Engineering', '2020-01-15'),
(2, 'Mathematics', 'Mathematics and Statistics', '2020-01-15'),
(3, 'Physics', 'Physics and Applied Sciences', '2020-01-15'),
(4, 'Chemistry', 'Chemistry and Biochemistry', '2020-01-15'),
(5, 'Biology', 'Biology and Life Sciences', '2020-01-15'),
(6, 'English', 'English Literature and Language', '2020-01-15'),
(7, 'History', 'History and Social Sciences', '2020-01-15'),
(8, 'Business', 'Business Administration and Management', '2020-01-15');

-- Insert teachers
INSERT INTO teachers (id, first_name, last_name, email, phone, department_id, hire_date, salary, specialization) VALUES
(1, 'Dr. Sarah', 'Johnson', 'sarah.johnson@university.edu', '555-0101', 1, '2018-08-15', 85000, 'Machine Learning'),
(2, 'Prof. Michael', 'Chen', 'michael.chen@university.edu', '555-0102', 1, '2019-01-10', 82000, 'Database Systems'),
(3, 'Dr. Emily', 'Rodriguez', 'emily.rodriguez@university.edu', '555-0103', 2, '2017-09-01', 78000, 'Calculus'),
(4, 'Prof. David', 'Kim', 'david.kim@university.edu', '555-0104', 2, '2020-02-15', 80000, 'Statistics'),
(5, 'Dr. Lisa', 'Anderson', 'lisa.anderson@university.edu', '555-0105', 3, '2016-08-20', 90000, 'Quantum Physics'),
(6, 'Prof. James', 'Wilson', 'james.wilson@university.edu', '555-0106', 3, '2018-01-15', 85000, 'Thermodynamics'),
(7, 'Dr. Maria', 'Garcia', 'maria.garcia@university.edu', '555-0107', 4, '2019-09-01', 88000, 'Organic Chemistry'),
(8, 'Prof. Robert', 'Brown', 'robert.brown@university.edu', '555-0108', 4, '2017-02-01', 82000, 'Analytical Chemistry'),
(9, 'Dr. Jennifer', 'Davis', 'jennifer.davis@university.edu', '555-0109', 5, '2018-08-15', 86000, 'Molecular Biology'),
(10, 'Prof. Christopher', 'Miller', 'christopher.miller@university.edu', '555-0110', 5, '2020-01-10', 84000, 'Ecology'),
(11, 'Dr. Amanda', 'Taylor', 'amanda.taylor@university.edu', '555-0111', 6, '2019-09-01', 75000, 'American Literature'),
(12, 'Prof. Kevin', 'Thomas', 'kevin.thomas@university.edu', '555-0112', 6, '2017-08-20', 78000, 'Creative Writing'),
(13, 'Dr. Rachel', 'Jackson', 'rachel.jackson@university.edu', '555-0113', 7, '2018-01-15', 80000, 'World History'),
(14, 'Prof. Daniel', 'White', 'daniel.white@university.edu', '555-0114', 7, '2020-02-01', 82000, 'Political Science'),
(15, 'Dr. Jessica', 'Harris', 'jessica.harris@university.edu', '555-0115', 8, '2019-08-15', 90000, 'Finance'),
(16, 'Prof. Matthew', 'Martin', 'matthew.martin@university.edu', '555-0116', 8, '2017-09-01', 88000, 'Marketing');

-- Insert semesters
INSERT INTO semesters (id, name, start_date, end_date, is_current) VALUES
(1, 'Fall 2024', '2024-08-26', '2024-12-15', 0),
(2, 'Spring 2025', '2025-01-13', '2025-05-09', 1),
(3, 'Summer 2025', '2025-05-19', '2025-08-08', 0);

-- Insert students (20 students)
INSERT INTO students (id, first_name, last_name, email, phone, date_of_birth, enrollment_date, student_id, gpa, status) VALUES
(1, 'Alex', 'Thompson', 'alex.thompson@student.edu', '555-1001', '2003-03-15', '2022-08-20', 'STU001', 3.7, 'active'),
(2, 'Emma', 'Williams', 'emma.williams@student.edu', '555-1002', '2003-07-22', '2022-08-20', 'STU002', 3.9, 'active'),
(3, 'Noah', 'Davis', 'noah.davis@student.edu', '555-1003', '2003-01-10', '2022-08-20', 'STU003', 3.5, 'active'),
(4, 'Olivia', 'Brown', 'olivia.brown@student.edu', '555-1004', '2003-11-05', '2022-08-20', 'STU004', 3.8, 'active'),
(5, 'Liam', 'Jones', 'liam.jones@student.edu', '555-1005', '2003-05-18', '2022-08-20', 'STU005', 3.6, 'active'),
(6, 'Ava', 'Garcia', 'ava.garcia@student.edu', '555-1006', '2003-09-12', '2022-08-20', 'STU006', 3.4, 'active'),
(7, 'William', 'Miller', 'william.miller@student.edu', '555-1007', '2003-02-28', '2022-08-20', 'STU007', 3.9, 'active'),
(8, 'Sophia', 'Wilson', 'sophia.wilson@student.edu', '555-1008', '2003-06-14', '2022-08-20', 'STU008', 3.7, 'active'),
(9, 'James', 'Moore', 'james.moore@student.edu', '555-1009', '2003-10-03', '2022-08-20', 'STU009', 3.5, 'active'),
(10, 'Isabella', 'Taylor', 'isabella.taylor@student.edu', '555-1010', '2003-04-25', '2022-08-20', 'STU010', 3.8, 'active'),
(11, 'Benjamin', 'Anderson', 'benjamin.anderson@student.edu', '555-1011', '2003-08-17', '2022-08-20', 'STU011', 3.6, 'active'),
(12, 'Mia', 'Thomas', 'mia.thomas@student.edu', '555-1012', '2003-12-08', '2022-08-20', 'STU012', 3.9, 'active'),
(13, 'Lucas', 'Jackson', 'lucas.jackson@student.edu', '555-1013', '2003-03-30', '2022-08-20', 'STU013', 3.4, 'active'),
(14, 'Charlotte', 'White', 'charlotte.white@student.edu', '555-1014', '2003-07-11', '2022-08-20', 'STU014', 3.7, 'active'),
(15, 'Henry', 'Harris', 'henry.harris@student.edu', '555-1015', '2003-01-24', '2022-08-20', 'STU015', 3.8, 'active'),
(16, 'Amelia', 'Martin', 'amelia.martin@student.edu', '555-1016', '2003-05-07', '2022-08-20', 'STU016', 3.5, 'active'),
(17, 'Alexander', 'Thompson', 'alexander.thompson@student.edu', '555-1017', '2003-09-19', '2022-08-20', 'STU017', 3.6, 'active'),
(18, 'Harper', 'Garcia', 'harper.garcia@student.edu', '555-1018', '2003-02-13', '2022-08-20', 'STU018', 3.9, 'active'),
(19, 'Mason', 'Martinez', 'mason.martinez@student.edu', '555-1019', '2003-06-26', '2022-08-20', 'STU019', 3.7, 'active'),
(20, 'Evelyn', 'Robinson', 'evelyn.robinson@student.edu', '555-1020', '2003-10-09', '2022-08-20', 'STU020', 3.8, 'active');

-- Insert courses (5 courses with 20 students each = 100 enrollments)
INSERT INTO courses (id, course_code, course_name, description, credits, department_id, teacher_id, semester_id, max_students, current_enrollment) VALUES
(1, 'CS101', 'Introduction to Programming', 'Basic programming concepts using Python', 3, 1, 1, 2, 20, 20),
(2, 'MATH201', 'Calculus II', 'Advanced calculus and differential equations', 4, 2, 3, 2, 20, 20),
(3, 'PHYS101', 'General Physics I', 'Mechanics and thermodynamics', 4, 3, 5, 2, 20, 20),
(4, 'CHEM101', 'General Chemistry I', 'Basic chemistry principles and lab work', 4, 4, 7, 2, 20, 20),
(5, 'BIOL101', 'Introduction to Biology', 'Cell biology and genetics', 3, 5, 9, 2, 20, 20);

-- Insert enrollments (100 total - 20 students in each course)
INSERT INTO enrollments (id, student_id, course_id, enrollment_date, status) VALUES
-- CS101 enrollments
(1, 1, 1, '2025-01-13', 'enrolled'),
(2, 2, 1, '2025-01-13', 'enrolled'),
(3, 3, 1, '2025-01-13', 'enrolled'),
(4, 4, 1, '2025-01-13', 'enrolled'),
(5, 5, 1, '2025-01-13', 'enrolled'),
(6, 6, 1, '2025-01-13', 'enrolled'),
(7, 7, 1, '2025-01-13', 'enrolled'),
(8, 8, 1, '2025-01-13', 'enrolled'),
(9, 9, 1, '2025-01-13', 'enrolled'),
(10, 10, 1, '2025-01-13', 'enrolled'),
(11, 11, 1, '2025-01-13', 'enrolled'),
(12, 12, 1, '2025-01-13', 'enrolled'),
(13, 13, 1, '2025-01-13', 'enrolled'),
(14, 14, 1, '2025-01-13', 'enrolled'),
(15, 15, 1, '2025-01-13', 'enrolled'),
(16, 16, 1, '2025-01-13', 'enrolled'),
(17, 17, 1, '2025-01-13', 'enrolled'),
(18, 18, 1, '2025-01-13', 'enrolled'),
(19, 19, 1, '2025-01-13', 'enrolled'),
(20, 20, 1, '2025-01-13', 'enrolled'),
-- MATH201 enrollments
(21, 1, 2, '2025-01-13', 'enrolled'),
(22, 2, 2, '2025-01-13', 'enrolled'),
(23, 3, 2, '2025-01-13', 'enrolled'),
(24, 4, 2, '2025-01-13', 'enrolled'),
(25, 5, 2, '2025-01-13', 'enrolled'),
(26, 6, 2, '2025-01-13', 'enrolled'),
(27, 7, 2, '2025-01-13', 'enrolled'),
(28, 8, 2, '2025-01-13', 'enrolled'),
(29, 9, 2, '2025-01-13', 'enrolled'),
(30, 10, 2, '2025-01-13', 'enrolled'),
(31, 11, 2, '2025-01-13', 'enrolled'),
(32, 12, 2, '2025-01-13', 'enrolled'),
(33, 13, 2, '2025-01-13', 'enrolled'),
(34, 14, 2, '2025-01-13', 'enrolled'),
(35, 15, 2, '2025-01-13', 'enrolled'),
(36, 16, 2, '2025-01-13', 'enrolled'),
(37, 17, 2, '2025-01-13', 'enrolled'),
(38, 18, 2, '2025-01-13', 'enrolled'),
(39, 19, 2, '2025-01-13', 'enrolled'),
(40, 20, 2, '2025-01-13', 'enrolled'),
-- PHYS101 enrollments
(41, 1, 3, '2025-01-13', 'enrolled'),
(42, 2, 3, '2025-01-13', 'enrolled'),
(43, 3, 3, '2025-01-13', 'enrolled'),
(44, 4, 3, '2025-01-13', 'enrolled'),
(45, 5, 3, '2025-01-13', 'enrolled'),
(46, 6, 3, '2025-01-13', 'enrolled'),
(47, 7, 3, '2025-01-13', 'enrolled'),
(48, 8, 3, '2025-01-13', 'enrolled'),
(49, 9, 3, '2025-01-13', 'enrolled'),
(50, 10, 3, '2025-01-13', 'enrolled'),
(51, 11, 3, '2025-01-13', 'enrolled'),
(52, 12, 3, '2025-01-13', 'enrolled'),
(53, 13, 3, '2025-01-13', 'enrolled'),
(54, 14, 3, '2025-01-13', 'enrolled'),
(55, 15, 3, '2025-01-13', 'enrolled'),
(56, 16, 3, '2025-01-13', 'enrolled'),
(57, 17, 3, '2025-01-13', 'enrolled'),
(58, 18, 3, '2025-01-13', 'enrolled'),
(59, 19, 3, '2025-01-13', 'enrolled'),
(60, 20, 3, '2025-01-13', 'enrolled'),
-- CHEM101 enrollments
(61, 1, 4, '2025-01-13', 'enrolled'),
(62, 2, 4, '2025-01-13', 'enrolled'),
(63, 3, 4, '2025-01-13', 'enrolled'),
(64, 4, 4, '2025-01-13', 'enrolled'),
(65, 5, 4, '2025-01-13', 'enrolled'),
(66, 6, 4, '2025-01-13', 'enrolled'),
(67, 7, 4, '2025-01-13', 'enrolled'),
(68, 8, 4, '2025-01-13', 'enrolled'),
(69, 9, 4, '2025-01-13', 'enrolled'),
(70, 10, 4, '2025-01-13', 'enrolled'),
(71, 11, 4, '2025-01-13', 'enrolled'),
(72, 12, 4, '2025-01-13', 'enrolled'),
(73, 13, 4, '2025-01-13', 'enrolled'),
(74, 14, 4, '2025-01-13', 'enrolled'),
(75, 15, 4, '2025-01-13', 'enrolled'),
(76, 16, 4, '2025-01-13', 'enrolled'),
(77, 17, 4, '2025-01-13', 'enrolled'),
(78, 18, 4, '2025-01-13', 'enrolled'),
(79, 19, 4, '2025-01-13', 'enrolled'),
(80, 20, 4, '2025-01-13', 'enrolled'),
-- BIOL101 enrollments
(81, 1, 5, '2025-01-13', 'enrolled'),
(82, 2, 5, '2025-01-13', 'enrolled'),
(83, 3, 5, '2025-01-13', 'enrolled'),
(84, 4, 5, '2025-01-13', 'enrolled'),
(85, 5, 5, '2025-01-13', 'enrolled'),
(86, 6, 5, '2025-01-13', 'enrolled'),
(87, 7, 5, '2025-01-13', 'enrolled'),
(88, 8, 5, '2025-01-13', 'enrolled'),
(89, 9, 5, '2025-01-13', 'enrolled'),
(90, 10, 5, '2025-01-13', 'enrolled'),
(91, 11, 5, '2025-01-13', 'enrolled'),
(92, 12, 5, '2025-01-13', 'enrolled'),
(93, 13, 5, '2025-01-13', 'enrolled'),
(94, 14, 5, '2025-01-13', 'enrolled'),
(95, 15, 5, '2025-01-13', 'enrolled'),
(96, 16, 5, '2025-01-13', 'enrolled'),
(97, 17, 5, '2025-01-13', 'enrolled'),
(98, 18, 5, '2025-01-13', 'enrolled'),
(99, 19, 5, '2025-01-13', 'enrolled'),
(100, 20, 5, '2025-01-13', 'enrolled');
